id,timestamp,localDateTime,localDate,localTime,label,exerciseId,exerciseName,routineSessionId,routineName,routineId,mode,stopAtTop,targetReps,totalReps,workingReps,warmupReps,weightPerCableKg,cableCount,totalLoadKg,totalVolumeKg,heaviestLiftKg,durationSec,avgMcvMmS,avgAsymmetryPercent,totalVelocityLossPercent,dominantSide,strengthProfile,estimatedOneRepMaxKg
b65c0070-6d06-4114-9ffa-ae2f550c6fdd,1775708485495,2026-04-09T12:21:25+08:00,2026-04-09,12:21,2026-04-09 12:21,MUqWc_cySh8Szk49,High Bar Squat,ea11cc92-317f-4a57-9f3c-a72db307b5eb,stronglift 5x5 A,6401caa3-c8bd-4711-bc40-4c0e202f224d,Old School,True,5,5,5,3,30.0,2,60.0,300.0,30.0,16.86,30.01,0.005,7.23,BALANCED,FLAT,70.0
faa5ae2b-d211-4fd5-990e-5cf6c61e9a07,1775708663588,2026-04-09T12:24:23+08:00,2026-04-09,12:24,2026-04-09 12:24,MUqWc_cySh8Szk49,High Bar Squat,ea11cc92-317f-4a57-9f3c-a72db307b5eb,stronglift 5x5 A,6401caa3-c8bd-4711-bc40-4c0e202f224d,Old School,True,5,5,5,3,30.0,2,60.0,300.0,30.0,15.9,29.93,0.002,-72.03,BALANCED,FLAT,70.0
d22864a1-f9f0-41b3-a515-ddce093275db,1775708740882,2026-04-09T12:25:40+08:00,2026-04-09,12:25,2026-04-09 12:25,MUqWc_cySh8Szk49,High Bar Squat,ea11cc92-317f-4a57-9f3c-a72db307b5eb,stronglift 5x5 A,6401caa3-c8bd-4711-bc40-4c0e202f224d,Old School,True,5,5,5,3,30.0,2,60.0,300.0,30.0,15.96,27.84,0.006,-62.9,BALANCED,FLAT,70.0
5016c19b-34a2-4bd7-bb2d-d0f0e37ec131,1775708921437,2026-04-09T12:28:41+08:00,2026-04-09,12:28,2026-04-09 12:28,MUqWc_cySh8Szk49,High Bar Squat,ea11cc92-317f-4a57-9f3c-a72db307b5eb,stronglift 5x5 A,6401caa3-c8bd-4711-bc40-4c0e202f224d,Old School,True,5,5,5,3,30.0,2,60.0,300.0,30.0,14.38,33.26,0.003,-79.95,BALANCED,FLAT,70.0
d6fa1bc0-ba31-4e00-a081-545d79145dac,1775709095588,2026-04-09T12:31:35+08:00,2026-04-09,12:31,2026-04-09 12:31,MUqWc_cySh8Szk49,High Bar Squat,ea11cc92-317f-4a57-9f3c-a72db307b5eb,stronglift 5x5 A,6401caa3-c8bd-4711-bc40-4c0e202f224d,Old School,True,5,5,5,3,30.0,2,60.0,300.0,30.0,14.51,35.05,0.003,-61.06,BALANCED,FLAT,70.0
072fb692-8fe6-40d4-a7f4-24851e756d47,1775709268538,2026-04-09T12:34:28+08:00,2026-04-09,12:34,2026-04-09 12:34,NmuYV1NROjrd0NaU,Neutral Grip Bench Press,ea11cc92-317f-4a57-9f3c-a72db307b5eb,stronglift 5x5 A,6401caa3-c8bd-4711-bc40-4c0e202f224d,TUT Beast,True,5,5,5,3,15.0,2,30.0,150.0,15.0,10.26,45.6,0.006,-73.19,BALANCED,FLAT,35.0
708d304f-fc05-4ac9-acf4-574c0542a2b0,1775709358615,2026-04-09T12:35:58+08:00,2026-04-09,12:35,2026-04-09 12:35,NmuYV1NROjrd0NaU,Neutral Grip Bench Press,ea11cc92-317f-4a57-9f3c-a72db307b5eb,stronglift 5x5 A,6401caa3-c8bd-4711-bc40-4c0e202f224d,TUT Beast,True,5,5,5,3,15.0,2,30.0,150.0,15.0,9.85,44.41,0.0,-255.86,BALANCED,FLAT,35.0
c21da9c0-1081-4761-bea1-b2660929f68f,1775709539258,2026-04-09T12:38:59+08:00,2026-04-09,12:38,2026-04-09 12:38,NmuYV1NROjrd0NaU,Neutral Grip Bench Press,ea11cc92-317f-4a57-9f3c-a72db307b5eb,stronglift 5x5 A,6401caa3-c8bd-4711-bc40-4c0e202f224d,TUT Beast,True,5,5,5,3,15.0,2,30.0,150.0,15.0,16.64,49.2,0.001,-88.52,BALANCED,FLAT,35.0
2e02726b-2e1d-4110-a3bc-8f4dc89b2a15,1775709685643,2026-04-09T12:41:25+08:00,2026-04-09,12:41,2026-04-09 12:41,NmuYV1NROjrd0NaU,Neutral Grip Bench Press,ea11cc92-317f-4a57-9f3c-a72db307b5eb,stronglift 5x5 A,6401caa3-c8bd-4711-bc40-4c0e202f224d,TUT Beast,True,5,5,5,3,15.0,2,30.0,150.0,15.0,12.05,42.94,0.001,-256.97,BALANCED,FLAT,35.0
3895e641-8c06-4ddb-bd9d-2355f8185abe,1775709747323,2026-04-09T12:42:27+08:00,2026-04-09,12:42,2026-04-09 12:42,NmuYV1NROjrd0NaU,Neutral Grip Bench Press,ea11cc92-317f-4a57-9f3c-a72db307b5eb,stronglift 5x5 A,6401caa3-c8bd-4711-bc40-4c0e202f224d,TUT Beast,True,5,5,5,3,15.0,2,30.0,150.0,15.0,12.82,36.98,0.002,-204.05,BALANCED,FLAT,35.0
8087f473-4e35-4044-8966-a50dcc79f052,1775709870417,2026-04-09T12:44:30+08:00,2026-04-09,12:44,2026-04-09 12:44,31ea9d9e-669c-4752-9f44-80c3fa864021,Bent Over Row,ea11cc92-317f-4a57-9f3c-a72db307b5eb,stronglift 5x5 A,6401caa3-c8bd-4711-bc40-4c0e202f224d,Old School,True,5,5,5,3,15.0,2,30.0,150.0,15.0,11.0,60.8,0.005,-66.15,BALANCED,FLAT,35.0
19ed6428-386c-4534-a4a6-508910c2d716,1775709973223,2026-04-09T12:46:13+08:00,2026-04-09,12:46,2026-04-09 12:46,31ea9d9e-669c-4752-9f44-80c3fa864021,Bent Over Row,ea11cc92-317f-4a57-9f3c-a72db307b5eb,stronglift 5x5 A,6401caa3-c8bd-4711-bc40-4c0e202f224d,Old School,True,5,5,5,3,15.0,2,30.0,150.0,15.0,9.71,60.2,0.006,-154.86,BALANCED,FLAT,35.0
7acd5789-773b-4924-b5bc-5cfb2071b4df,1775710112997,2026-04-09T12:48:32+08:00,2026-04-09,12:48,2026-04-09 12:48,31ea9d9e-669c-4752-9f44-80c3fa864021,Bent Over Row,ea11cc92-317f-4a57-9f3c-a72db307b5eb,stronglift 5x5 A,6401caa3-c8bd-4711-bc40-4c0e202f224d,Old School,True,5,5,5,3,15.0,2,30.0,150.0,15.0,8.47,59.56,0.015,-60.91,BALANCED,FLAT,35.0
d08efcfb-a0a5-445c-aa12-4133d7cbdc84,1775710172318,2026-04-09T12:49:32+08:00,2026-04-09,12:49,2026-04-09 12:49,31ea9d9e-669c-4752-9f44-80c3fa864021,Bent Over Row,ea11cc92-317f-4a57-9f3c-a72db307b5eb,stronglift 5x5 A,6401caa3-c8bd-4711-bc40-4c0e202f224d,Old School,True,5,5,5,3,15.0,2,30.0,150.0,15.0,8.32,56.65,0.0,-84.46,BALANCED,FLAT,35.0
539838d1-a88b-43d8-8640-4ca0cf6f59a5,1775710274393,2026-04-09T12:51:14+08:00,2026-04-09,12:51,2026-04-09 12:51,31ea9d9e-669c-4752-9f44-80c3fa864021,Bent Over Row,ea11cc92-317f-4a57-9f3c-a72db307b5eb,stronglift 5x5 A,6401caa3-c8bd-4711-bc40-4c0e202f224d,Old School,True,5,5,5,3,15.0,2,30.0,150.0,15.0,8.93,56.96,0.002,-82.2,BALANCED,FLAT,35.0
caeb7905-7221-4570-9ee5-bf29844b1e9e,1775874531840,2026-04-11T10:28:51+08:00,2026-04-11,10:28,2026-04-11 10:28,MUqWc_cySh8Szk49,High Bar Squat,1c813184-b8f2-48dd-b47e-e3fe15f19356,stronglift 5x5 B,33a8d40e-2c44-4ec9-95c4-61145095e96d,Old School,True,5,5,5,3,30.0,2,60.0,300.0,30.0,12.47,37.34,0.001,-164.46,BALANCED,FLAT,70.0
79a0a11e-a2fe-4be9-ada8-7fc141470cc8,1775874636902,2026-04-11T10:30:36+08:00,2026-04-11,10:30,2026-04-11 10:30,MUqWc_cySh8Szk49,High Bar Squat,1c813184-b8f2-48dd-b47e-e3fe15f19356,stronglift 5x5 B,33a8d40e-2c44-4ec9-95c4-61145095e96d,Old School,True,5,5,5,3,30.0,2,60.0,300.0,30.0,13.54,37.74,0.005,-42.41,BALANCED,FLAT,70.0
5badfe37-547b-4525-ad41-de41bb2eb8b0,1775874813992,2026-04-11T10:33:33+08:00,2026-04-11,10:33,2026-04-11 10:33,MUqWc_cySh8Szk49,High Bar Squat,1c813184-b8f2-48dd-b47e-e3fe15f19356,stronglift 5x5 B,33a8d40e-2c44-4ec9-95c4-61145095e96d,Old School,True,5,5,5,3,30.0,2,60.0,300.0,30.0,13.21,38.84,0.002,-38.14,BALANCED,FLAT,70.0
f54e743b-db04-4906-a688-e4a78da0acfa,1775874936245,2026-04-11T10:35:36+08:00,2026-04-11,10:35,2026-04-11 10:35,MUqWc_cySh8Szk49,High Bar Squat,1c813184-b8f2-48dd-b47e-e3fe15f19356,stronglift 5x5 B,33a8d40e-2c44-4ec9-95c4-61145095e96d,Old School,True,5,5,5,3,30.0,2,60.0,300.0,30.0,12.83,37.4,0.004,-142.73,BALANCED,FLAT,70.0
72772ad2-169e-4260-87c6-ce147a8c99c6,1775875109511,2026-04-11T10:38:29+08:00,2026-04-11,10:38,2026-04-11 10:38,MUqWc_cySh8Szk49,High Bar Squat,1c813184-b8f2-48dd-b47e-e3fe15f19356,stronglift 5x5 B,33a8d40e-2c44-4ec9-95c4-61145095e96d,Old School,True,5,5,5,3,31.0,2,62.0,310.0,31.0,13.43,36.63,0.005,-214.62,BALANCED,FLAT,72.33
c8ce8d44-b4ae-4006-8d0b-20251924a752,1775875292781,2026-04-11T10:41:32+08:00,2026-04-11,10:41,2026-04-11 10:41,e467f6b8-1e92-4571-b3e6-c020ca7099c3,Overhead Press,1c813184-b8f2-48dd-b47e-e3fe15f19356,stronglift 5x5 B,33a8d40e-2c44-4ec9-95c4-61145095e96d,Old School,True,5,5,5,3,10.0,2,20.0,100.0,10.0,12.74,56.24,0.001,-51.97,BALANCED,FLAT,23.33
efd935a3-1e12-458b-b4b2-22b3e9363b37,1775875417761,2026-04-11T10:43:37+08:00,2026-04-11,10:43,2026-04-11 10:43,e467f6b8-1e92-4571-b3e6-c020ca7099c3,Overhead Press,1c813184-b8f2-48dd-b47e-e3fe15f19356,stronglift 5x5 B,33a8d40e-2c44-4ec9-95c4-61145095e96d,Old School,True,5,5,5,3,10.0,2,20.0,100.0,10.0,15.15,61.98,0.001,-131.82,BALANCED,FLAT,23.33
ea0d3c96-9f60-406d-a7c7-2af8c851891b,1775875603433,2026-04-11T10:46:43+08:00,2026-04-11,10:46,2026-04-11 10:46,e467f6b8-1e92-4571-b3e6-c020ca7099c3,Overhead Press,1c813184-b8f2-48dd-b47e-e3fe15f19356,stronglift 5x5 B,33a8d40e-2c44-4ec9-95c4-61145095e96d,Old School,True,5,5,5,3,10.0,2,20.0,100.0,10.0,14.32,62.98,0.005,-86.19,BALANCED,FLAT,23.33
b69a9b3d-a4e2-4101-a5be-33492a998bd9,1775875711072,2026-04-11T10:48:31+08:00,2026-04-11,10:48,2026-04-11 10:48,e467f6b8-1e92-4571-b3e6-c020ca7099c3,Overhead Press,1c813184-b8f2-48dd-b47e-e3fe15f19356,stronglift 5x5 B,33a8d40e-2c44-4ec9-95c4-61145095e96d,Old School,True,5,5,5,3,10.0,2,20.0,100.0,10.0,13.45,58.89,0.002,-175.27,BALANCED,FLAT,23.33
d72392a0-3e46-411e-ae53-5388ea45cb7b,1775875896249,2026-04-11T10:51:36+08:00,2026-04-11,10:51,2026-04-11 10:51,e467f6b8-1e92-4571-b3e6-c020ca7099c3,Overhead Press,1c813184-b8f2-48dd-b47e-e3fe15f19356,stronglift 5x5 B,33a8d40e-2c44-4ec9-95c4-61145095e96d,Old School,True,5,5,5,3,10.0,2,20.0,100.0,10.0,16.26,61.42,0.002,-43.37,BALANCED,FLAT,23.33
2b0e94c4-f0c1-4813-8cef-8c7482c45345,1775876077450,2026-04-11T10:54:37+08:00,2026-04-11,10:54,2026-04-11 10:54,e64c7837-52e2-4b97-b771-cf08ab861af1,Conventional Deadlift,1c813184-b8f2-48dd-b47e-e3fe15f19356,stronglift 5x5 B,33a8d40e-2c44-4ec9-95c4-61145095e96d,Old School,True,5,5,5,3,22.0,2,44.0,220.0,22.0,13.97,41.88,0.004,-44.29,BALANCED,FLAT,51.33
cdc151d5-b6ba-4526-9579-b434b86c86d8,1775876162244,2026-04-11T10:56:02+08:00,2026-04-11,10:56,2026-04-11 10:56,e64c7837-52e2-4b97-b771-cf08ab861af1,Conventional Deadlift,1c813184-b8f2-48dd-b47e-e3fe15f19356,stronglift 5x5 B,33a8d40e-2c44-4ec9-95c4-61145095e96d,Old School,False,10,5,5,3,5.0,2,10.0,50.0,5.0,16.6,32.35,0.006,10.8,BALANCED,FLAT,11.67
5b6ccc3d-db7e-49ea-bf0b-333b6772d302,1776286382837,2026-04-16T04:53:02+08:00,2026-04-16,04:53,2026-04-16 04:53,MUqWc_cySh8Szk49,High Bar Squat,79d7bec2-0a96-4ef1-8e65-428710711887,stronglift 5x5 A,6401caa3-c8bd-4711-bc40-4c0e202f224d,Old School,True,5,5,5,3,31.5,2,63.0,315.0,31.5,15.42,35.92,0.0,-46.72,BALANCED,FLAT,73.5
94a72716-36be-414e-9969-df44e321bfd7,1776286563245,2026-04-16T04:56:03+08:00,2026-04-16,04:56,2026-04-16 04:56,MUqWc_cySh8Szk49,High Bar Squat,79d7bec2-0a96-4ef1-8e65-428710711887,stronglift 5x5 A,6401caa3-c8bd-4711-bc40-4c0e202f224d,Old School,True,5,5,5,3,31.5,2,63.0,315.0,31.5,15.44,31.94,0.0,-58.73,BALANCED,FLAT,73.5
4aead704-1e4b-44b8-8cdf-e83431919d21,1776286738232,2026-04-16T04:58:58+08:00,2026-04-16,04:58,2026-04-16 04:58,MUqWc_cySh8Szk49,High Bar Squat,79d7bec2-0a96-4ef1-8e65-428710711887,stronglift 5x5 A,6401caa3-c8bd-4711-bc40-4c0e202f224d,Old School,True,5,5,5,3,31.5,2,63.0,315.0,31.5,15.08,36.58,0.002,-126.04,BALANCED,FLAT,73.5
e0825769-c2dd-4b40-a43f-74243dfc8c6f,1776286913463,2026-04-16T05:01:53+08:00,2026-04-16,05:01,2026-04-16 05:01,MUqWc_cySh8Szk49,High Bar Squat,79d7bec2-0a96-4ef1-8e65-428710711887,stronglift 5x5 A,6401caa3-c8bd-4711-bc40-4c0e202f224d,Old School,True,5,5,5,3,31.5,2,63.0,315.0,31.5,14.03,35.31,0.002,-79.74,BALANCED,FLAT,73.5
45253189-a2b1-43f3-b881-fe5845a7b2d9,1776287085691,2026-04-16T05:04:45+08:00,2026-04-16,05:04,2026-04-16 05:04,MUqWc_cySh8Szk49,High Bar Squat,79d7bec2-0a96-4ef1-8e65-428710711887,stronglift 5x5 A,6401caa3-c8bd-4711-bc40-4c0e202f224d,Old School,True,5,5,5,3,31.5,2,63.0,315.0,31.5,13.31,37.98,0.006,-95.1,BALANCED,FLAT,73.5
53d0fa3a-93ad-409a-848e-d933c1d01708,1776287257218,2026-04-16T05:07:37+08:00,2026-04-16,05:07,2026-04-16 05:07,NmuYV1NROjrd0NaU,Neutral Grip Bench Press,79d7bec2-0a96-4ef1-8e65-428710711887,stronglift 5x5 A,6401caa3-c8bd-4711-bc40-4c0e202f224d,TUT Beast,True,5,5,5,3,16.0,2,32.0,160.0,16.0,9.7,49.88,0.003,-52.48,BALANCED,FLAT,37.33
885e0ba0-52ca-40b4-9da4-e7af80d13dd2,1776287431685,2026-04-16T05:10:31+08:00,2026-04-16,05:10,2026-04-16 05:10,NmuYV1NROjrd0NaU,Neutral Grip Bench Press,79d7bec2-0a96-4ef1-8e65-428710711887,stronglift 5x5 A,6401caa3-c8bd-4711-bc40-4c0e202f224d,TUT Beast,True,5,5,5,3,16.0,2,32.0,160.0,16.0,9.92,48.29,0.0,-123.44,BALANCED,FLAT,37.33
03c4bde2-bbdf-4c43-8c2d-1be63842045d,1776287610646,2026-04-16T05:13:30+08:00,2026-04-16,05:13,2026-04-16 05:13,NmuYV1NROjrd0NaU,Neutral Grip Bench Press,79d7bec2-0a96-4ef1-8e65-428710711887,stronglift 5x5 A,6401caa3-c8bd-4711-bc40-4c0e202f224d,TUT Beast,True,5,5,5,3,16.0,2,32.0,160.0,16.0,10.19,50.77,0.002,-39.51,BALANCED,FLAT,37.33
6f81e4db-13cc-4837-b96d-c3f775127129,1776287786130,2026-04-16T05:16:26+08:00,2026-04-16,05:16,2026-04-16 05:16,NmuYV1NROjrd0NaU,Neutral Grip Bench Press,79d7bec2-0a96-4ef1-8e65-428710711887,stronglift 5x5 A,6401caa3-c8bd-4711-bc40-4c0e202f224d,TUT Beast,True,5,5,5,3,16.0,2,32.0,160.0,16.0,9.92,50.52,0.001,-92.38,BALANCED,FLAT,37.33
7fc20377-ba87-4700-906c-75c92a94a39a,1776287961573,2026-04-16T05:19:21+08:00,2026-04-16,05:19,2026-04-16 05:19,NmuYV1NROjrd0NaU,Neutral Grip Bench Press,79d7bec2-0a96-4ef1-8e65-428710711887,stronglift 5x5 A,6401caa3-c8bd-4711-bc40-4c0e202f224d,TUT Beast,True,5,5,5,3,16.0,2,32.0,160.0,16.0,9.39,50.1,0.003,-79.59,BALANCED,FLAT,37.33
5ce80f9e-03c4-465c-9e9f-6238cf62da67,1776288136546,2026-04-16T05:22:16+08:00,2026-04-16,05:22,2026-04-16 05:22,31ea9d9e-669c-4752-9f44-80c3fa864021,Bent Over Row,79d7bec2-0a96-4ef1-8e65-428710711887,stronglift 5x5 A,6401caa3-c8bd-4711-bc40-4c0e202f224d,Old School,True,5,5,5,3,16.0,2,32.0,160.0,16.0,10.28,59.81,0.0,-187.48,BALANCED,FLAT,37.33
77ef7411-5f3b-4462-a314-9ccdadb16109,1776288290446,2026-04-16T05:24:50+08:00,2026-04-16,05:24,2026-04-16 05:24,31ea9d9e-669c-4752-9f44-80c3fa864021,Bent Over Row,79d7bec2-0a96-4ef1-8e65-428710711887,stronglift 5x5 A,6401caa3-c8bd-4711-bc40-4c0e202f224d,Old School,True,5,5,5,3,16.0,2,32.0,160.0,16.0,9.43,64.57,0.0,-74.35,BALANCED,FLAT,37.33
cf037c2a-d674-4e0f-bdc8-16d5ac8e0761,1776288438963,2026-04-16T05:27:18+08:00,2026-04-16,05:27,2026-04-16 05:27,31ea9d9e-669c-4752-9f44-80c3fa864021,Bent Over Row,79d7bec2-0a96-4ef1-8e65-428710711887,stronglift 5x5 A,6401caa3-c8bd-4711-bc40-4c0e202f224d,Old School,True,5,5,5,3,16.0,2,32.0,160.0,16.0,8.53,73.46,0.001,-199.05,BALANCED,FLAT,37.33
29b35bc7-20e0-4399-b1c7-01afb1ea4dec,1776288588632,2026-04-16T05:29:48+08:00,2026-04-16,05:29,2026-04-16 05:29,31ea9d9e-669c-4752-9f44-80c3fa864021,Bent Over Row,79d7bec2-0a96-4ef1-8e65-428710711887,stronglift 5x5 A,6401caa3-c8bd-4711-bc40-4c0e202f224d,Old School,True,5,5,5,3,16.0,2,32.0,160.0,16.0,9.04,75.61,0.011,-25.23,BALANCED,FLAT,37.33
ce37581e-9075-411b-8a58-712fdac022db,1776288733262,2026-04-16T05:32:13+08:00,2026-04-16,05:32,2026-04-16 05:32,31ea9d9e-669c-4752-9f44-80c3fa864021,Bent Over Row,79d7bec2-0a96-4ef1-8e65-428710711887,stronglift 5x5 A,6401caa3-c8bd-4711-bc40-4c0e202f224d,Old School,True,5,5,5,3,16.0,2,32.0,160.0,16.0,12.59,72.46,0.008,-41.61,BALANCED,FLAT,37.33
54452b42-db76-4fe7-bc74-863bbbb76721,1777273654489,2026-04-27T15:07:34+08:00,2026-04-27,15:07,2026-04-27 15:07,MUqWc_cySh8Szk49,High Bar Squat,4cafc87d-9188-4e40-a876-99cc926fff0a,stronglift 5x5 A,6401caa3-c8bd-4711-bc40-4c0e202f224d,Old School,True,5,5,5,3,31.5,2,63.0,315.0,31.5,17.41,27.83,0.001,-690.37,BALANCED,FLAT,73.5
c60f5657-976e-494e-afde-c0c994ed0c59,1777273898839,2026-04-27T15:11:38+08:00,2026-04-27,15:11,2026-04-27 15:11,MUqWc_cySh8Szk49,High Bar Squat,4cafc87d-9188-4e40-a876-99cc926fff0a,stronglift 5x5 A,6401caa3-c8bd-4711-bc40-4c0e202f224d,Old School,True,5,5,5,3,31.5,2,63.0,315.0,31.5,15.56,36.07,0.002,-62.47,BALANCED,FLAT,73.5
49679c18-fc79-46a3-9561-5d1e3a6dd3c4,1777274074924,2026-04-27T15:14:34+08:00,2026-04-27,15:14,2026-04-27 15:14,MUqWc_cySh8Szk49,High Bar Squat,4cafc87d-9188-4e40-a876-99cc926fff0a,stronglift 5x5 A,6401caa3-c8bd-4711-bc40-4c0e202f224d,Old School,True,5,5,5,3,31.5,2,63.0,315.0,31.5,13.86,32.7,0.003,-51.03,BALANCED,FLAT,73.5
14b89181-f86d-4356-b274-0e5bccaca03e,1777274232077,2026-04-27T15:17:12+08:00,2026-04-27,15:17,2026-04-27 15:17,MUqWc_cySh8Szk49,High Bar Squat,4cafc87d-9188-4e40-a876-99cc926fff0a,stronglift 5x5 A,6401caa3-c8bd-4711-bc40-4c0e202f224d,Old School,True,5,5,5,3,31.5,2,63.0,315.0,31.5,13.83,34.85,0.0,-29.85,BALANCED,FLAT,73.5
5208ada1-06b7-4a24-9b0c-6195e561d2d4,1777274405269,2026-04-27T15:20:05+08:00,2026-04-27,15:20,2026-04-27 15:20,MUqWc_cySh8Szk49,High Bar Squat,4cafc87d-9188-4e40-a876-99cc926fff0a,stronglift 5x5 A,6401caa3-c8bd-4711-bc40-4c0e202f224d,Old School,True,5,5,5,3,31.5,2,63.0,315.0,31.5,15.91,34.28,0.001,-52.67,BALANCED,FLAT,73.5
b1fe69a4-138d-41b8-b9e7-38aab74aa9e9,1777274579928,2026-04-27T15:22:59+08:00,2026-04-27,15:22,2026-04-27 15:22,NmuYV1NROjrd0NaU,Neutral Grip Bench Press,4cafc87d-9188-4e40-a876-99cc926fff0a,stronglift 5x5 A,6401caa3-c8bd-4711-bc40-4c0e202f224d,TUT Beast,True,5,5,5,3,16.0,2,32.0,160.0,16.0,10.07,51.6,0.0,-68.94,BALANCED,FLAT,37.33
569fe8e7-0162-435f-b1c8-16a749078904,1777274755265,2026-04-27T15:25:55+08:00,2026-04-27,15:25,2026-04-27 15:25,NmuYV1NROjrd0NaU,Neutral Grip Bench Press,4cafc87d-9188-4e40-a876-99cc926fff0a,stronglift 5x5 A,6401caa3-c8bd-4711-bc40-4c0e202f224d,TUT Beast,True,5,5,5,3,16.0,2,32.0,160.0,16.0,10.2,45.56,0.004,-50.19,BALANCED,FLAT,37.33
274d2482-a7f5-4fed-94d8-23e00e35e56e,1777274930825,2026-04-27T15:28:50+08:00,2026-04-27,15:28,2026-04-27 15:28,NmuYV1NROjrd0NaU,Neutral Grip Bench Press,4cafc87d-9188-4e40-a876-99cc926fff0a,stronglift 5x5 A,6401caa3-c8bd-4711-bc40-4c0e202f224d,TUT Beast,True,5,5,5,3,16.0,2,32.0,160.0,16.0,11.0,49.63,0.005,-81.48,BALANCED,FLAT,37.33
dccab686-bc9d-4ba5-b923-6e216f777d52,1777275105919,2026-04-27T15:31:45+08:00,2026-04-27,15:31,2026-04-27 15:31,NmuYV1NROjrd0NaU,Neutral Grip Bench Press,4cafc87d-9188-4e40-a876-99cc926fff0a,stronglift 5x5 A,6401caa3-c8bd-4711-bc40-4c0e202f224d,TUT Beast,True,5,5,5,3,16.0,2,32.0,160.0,16.0,10.04,49.77,0.002,-43.28,BALANCED,FLAT,37.33
ea94ec05-64dc-4ff2-acb6-0e4f3c4429c5,1777275279812,2026-04-27T15:34:39+08:00,2026-04-27,15:34,2026-04-27 15:34,NmuYV1NROjrd0NaU,Neutral Grip Bench Press,4cafc87d-9188-4e40-a876-99cc926fff0a,stronglift 5x5 A,6401caa3-c8bd-4711-bc40-4c0e202f224d,TUT Beast,True,5,5,5,3,16.0,2,32.0,160.0,16.0,14.23,45.93,0.004,-32.67,BALANCED,FLAT,37.33
c6c1fef6-cb94-4fda-8d9a-d102728d9c5b,1777275458839,2026-04-27T15:37:38+08:00,2026-04-27,15:37,2026-04-27 15:37,31ea9d9e-669c-4752-9f44-80c3fa864021,Bent Over Row,4cafc87d-9188-4e40-a876-99cc926fff0a,stronglift 5x5 A,6401caa3-c8bd-4711-bc40-4c0e202f224d,Old School,True,5,5,5,3,16.0,2,32.0,160.0,16.0,11.73,58.46,0.001,-24.14,BALANCED,FLAT,37.33
f6f8fd39-0e7c-4ce4-9f68-17c3e5e2d11c,1777275608808,2026-04-27T15:40:08+08:00,2026-04-27,15:40,2026-04-27 15:40,31ea9d9e-669c-4752-9f44-80c3fa864021,Bent Over Row,4cafc87d-9188-4e40-a876-99cc926fff0a,stronglift 5x5 A,6401caa3-c8bd-4711-bc40-4c0e202f224d,Old School,True,5,5,5,3,16.0,2,32.0,160.0,16.0,10.03,66.44,0.0,-65.84,BALANCED,FLAT,37.33
3162db20-3407-47b7-be56-dd721c4414f5,1777275724758,2026-04-27T15:42:04+08:00,2026-04-27,15:42,2026-04-27 15:42,31ea9d9e-669c-4752-9f44-80c3fa864021,Bent Over Row,4cafc87d-9188-4e40-a876-99cc926fff0a,stronglift 5x5 A,6401caa3-c8bd-4711-bc40-4c0e202f224d,Old School,True,5,5,5,3,16.0,2,32.0,160.0,16.0,9.9,65.32,0.004,-75.03,BALANCED,FLAT,37.33
4f2d9883-d80b-4016-b243-14e03db1ac56,1777275848311,2026-04-27T15:44:08+08:00,2026-04-27,15:44,2026-04-27 15:44,31ea9d9e-669c-4752-9f44-80c3fa864021,Bent Over Row,4cafc87d-9188-4e40-a876-99cc926fff0a,stronglift 5x5 A,6401caa3-c8bd-4711-bc40-4c0e202f224d,Old School,True,5,5,5,3,16.0,2,32.0,160.0,16.0,9.54,68.79,0.002,-59.09,BALANCED,FLAT,37.33
40586727-da81-424a-8bdd-24fc6f6e97cc,1777275996874,2026-04-27T15:46:36+08:00,2026-04-27,15:46,2026-04-27 15:46,31ea9d9e-669c-4752-9f44-80c3fa864021,Bent Over Row,4cafc87d-9188-4e40-a876-99cc926fff0a,stronglift 5x5 A,6401caa3-c8bd-4711-bc40-4c0e202f224d,Old School,True,5,5,5,3,16.0,2,32.0,160.0,16.0,9.72,64.92,0.014,-21.59,BALANCED,FLAT,37.33
9ceb1d63-50b1-4514-bf05-6eb46af07c0e,1777463415287,2026-04-29T19:50:15+08:00,2026-04-29,19:50,2026-04-29 19:50,MUqWc_cySh8Szk49,High Bar Squat,89b1feeb-dd47-44a1-8b9d-e75a8135244b,stronglift 5x5 B,33a8d40e-2c44-4ec9-95c4-61145095e96d,Old School,True,5,5,5,3,32.5,2,65.0,325.0,32.5,13.97,28.51,0.005,-498.01,BALANCED,FLAT,75.83
bdb975c6-2dfc-433a-9bc1-ae8b24dc14c4,1777463625914,2026-04-29T19:53:45+08:00,2026-04-29,19:53,2026-04-29 19:53,MUqWc_cySh8Szk49,High Bar Squat,89b1feeb-dd47-44a1-8b9d-e75a8135244b,stronglift 5x5 B,33a8d40e-2c44-4ec9-95c4-61145095e96d,Old School,True,5,5,5,3,32.5,2,65.0,325.0,32.5,14.66,32.87,0.003,-30.77,BALANCED,FLAT,75.83
f76e109b-d0c1-4981-b15f-b25958521213,1777463801806,2026-04-29T19:56:41+08:00,2026-04-29,19:56,2026-04-29 19:56,MUqWc_cySh8Szk49,High Bar Squat,89b1feeb-dd47-44a1-8b9d-e75a8135244b,stronglift 5x5 B,33a8d40e-2c44-4ec9-95c4-61145095e96d,Old School,True,5,5,5,3,32.5,2,65.0,325.0,32.5,14.87,32.44,0.004,-54.26,BALANCED,FLAT,75.83
5a82e18b-85cd-4b3b-9f2d-800f4d280c9e,1777463932289,2026-04-29T19:58:52+08:00,2026-04-29,19:58,2026-04-29 19:58,MUqWc_cySh8Szk49,High Bar Squat,89b1feeb-dd47-44a1-8b9d-e75a8135244b,stronglift 5x5 B,33a8d40e-2c44-4ec9-95c4-61145095e96d,Old School,True,5,5,5,3,32.5,2,65.0,325.0,32.5,12.23,37.55,0.001,-11.95,BALANCED,FLAT,75.83
41d54423-fb66-47ee-a2d6-429f17a2f0b7,1777464105703,2026-04-29T20:01:45+08:00,2026-04-29,20:01,2026-04-29 20:01,MUqWc_cySh8Szk49,High Bar Squat,89b1feeb-dd47-44a1-8b9d-e75a8135244b,stronglift 5x5 B,33a8d40e-2c44-4ec9-95c4-61145095e96d,Old School,True,5,5,5,3,32.5,2,65.0,325.0,32.5,14.25,38.35,0.001,-85.38,BALANCED,FLAT,75.83
38126702-5475-4a0b-b149-e55e5f4edcee,1777464189763,2026-04-29T20:03:09+08:00,2026-04-29,20:03,2026-04-29 20:03,e467f6b8-1e92-4571-b3e6-c020ca7099c3,Overhead Press,89b1feeb-dd47-44a1-8b9d-e75a8135244b,stronglift 5x5 B,33a8d40e-2c44-4ec9-95c4-61145095e96d,Old School,True,5,5,5,3,10.0,2,20.0,100.0,10.0,10.94,58.5,0.002,-59.3,BALANCED,FLAT,23.33
b9c733f2-4ea1-429e-8d66-b5de097fa9a9,1777464364753,2026-04-29T20:06:04+08:00,2026-04-29,20:06,2026-04-29 20:06,e467f6b8-1e92-4571-b3e6-c020ca7099c3,Overhead Press,89b1feeb-dd47-44a1-8b9d-e75a8135244b,stronglift 5x5 B,33a8d40e-2c44-4ec9-95c4-61145095e96d,Old School,True,5,5,5,3,10.0,2,20.0,100.0,10.0,10.62,61.11,0.006,-43.09,BALANCED,FLAT,23.33
f5dfa1bf-750d-4421-96ba-bbfdc8b7a145,1777464538982,2026-04-29T20:08:58+08:00,2026-04-29,20:08,2026-04-29 20:08,e467f6b8-1e92-4571-b3e6-c020ca7099c3,Overhead Press,89b1feeb-dd47-44a1-8b9d-e75a8135244b,stronglift 5x5 B,33a8d40e-2c44-4ec9-95c4-61145095e96d,Old School,True,5,5,5,3,10.0,2,20.0,100.0,10.0,11.82,56.42,0.0,2.42,BALANCED,FLAT,23.33
ef323a1d-8a9f-4a8f-aeb8-17a3e5e43cd4,1777464665248,2026-04-29T20:11:05+08:00,2026-04-29,20:11,2026-04-29 20:11,e467f6b8-1e92-4571-b3e6-c020ca7099c3,Overhead Press,89b1feeb-dd47-44a1-8b9d-e75a8135244b,stronglift 5x5 B,33a8d40e-2c44-4ec9-95c4-61145095e96d,Old School,True,5,5,5,3,10.0,2,20.0,100.0,10.0,12.17,58.36,0.003,-33.21,BALANCED,FLAT,23.33
9e120cb0-df26-4294-93a8-aa32947f4c7b,1777464842144,2026-04-29T20:14:02+08:00,2026-04-29,20:14,2026-04-29 20:14,e467f6b8-1e92-4571-b3e6-c020ca7099c3,Overhead Press,89b1feeb-dd47-44a1-8b9d-e75a8135244b,stronglift 5x5 B,33a8d40e-2c44-4ec9-95c4-61145095e96d,Old School,True,5,5,5,3,10.0,2,20.0,100.0,10.0,10.79,58.33,0.005,-30.15,BALANCED,FLAT,23.33
bc87090a-68ee-43af-916e-8353852d5d66,1777465016836,2026-04-29T20:16:56+08:00,2026-04-29,20:16,2026-04-29 20:16,e64c7837-52e2-4b97-b771-cf08ab861af1,Conventional Deadlift,89b1feeb-dd47-44a1-8b9d-e75a8135244b,stronglift 5x5 B,33a8d40e-2c44-4ec9-95c4-61145095e96d,Old School,True,5,5,5,3,35.0,2,70.0,350.0,35.0,14.12,36.09,0.002,-464.3,BALANCED,FLAT,81.67
1ef3116b-3a85-4c80-a66c-441cbcecf5c1,1778650702346,2026-05-13T13:38:22+08:00,2026-05-13,13:38,2026-05-13 13:38,MUqWc_cySh8Szk49,High Bar Squat,b977c0cd-e306-4eef-89e1-0d4f4dbdb89b,stronglift 5x5 A,6401caa3-c8bd-4711-bc40-4c0e202f224d,Old School,True,5,5,5,3,32.5,2,65.0,325.0,32.5,14.22,35.68,0.003,-17.29,BALANCED,FLAT,75.83
3f6f09d5-c70e-4000-bf91-e49cf3369f6c,1778650848207,2026-05-13T13:40:48+08:00,2026-05-13,13:40,2026-05-13 13:40,MUqWc_cySh8Szk49,High Bar Squat,b977c0cd-e306-4eef-89e1-0d4f4dbdb89b,stronglift 5x5 A,6401caa3-c8bd-4711-bc40-4c0e202f224d,Old School,True,5,5,5,3,32.5,2,65.0,325.0,32.5,13.59,34.52,0.0,-35.01,BALANCED,FLAT,75.83
08845ba5-4aaa-41a2-8851-ad8632fab44d,1778650987346,2026-05-13T13:43:07+08:00,2026-05-13,13:43,2026-05-13 13:43,MUqWc_cySh8Szk49,High Bar Squat,b977c0cd-e306-4eef-89e1-0d4f4dbdb89b,stronglift 5x5 A,6401caa3-c8bd-4711-bc40-4c0e202f224d,Old School,True,5,5,5,3,32.5,2,65.0,325.0,32.5,12.98,38.19,0.002,-79.41,BALANCED,FLAT,75.83
166b5a14-2d79-4abc-8a45-c8d289eab929,1778651160451,2026-05-13T13:46:00+08:00,2026-05-13,13:46,2026-05-13 13:46,MUqWc_cySh8Szk49,High Bar Squat,b977c0cd-e306-4eef-89e1-0d4f4dbdb89b,stronglift 5x5 A,6401caa3-c8bd-4711-bc40-4c0e202f224d,Old School,True,5,5,5,3,32.5,2,65.0,325.0,32.5,11.33,37.79,0.002,-66.73,BALANCED,FLAT,75.83
cff00c9a-79c6-4d70-b322-a811aedfb9a0,1778651329727,2026-05-13T13:48:49+08:00,2026-05-13,13:48,2026-05-13 13:48,MUqWc_cySh8Szk49,High Bar Squat,b977c0cd-e306-4eef-89e1-0d4f4dbdb89b,stronglift 5x5 A,6401caa3-c8bd-4711-bc40-4c0e202f224d,Old School,True,5,5,5,3,32.5,2,65.0,325.0,32.5,11.46,37.3,0.002,-83.79,BALANCED,FLAT,75.83
2bea3a2e-d1c1-48dc-b1e7-b72cd05e3cbf,1778651498429,2026-05-13T13:51:38+08:00,2026-05-13,13:51,2026-05-13 13:51,NmuYV1NROjrd0NaU,Neutral Grip Bench Press,b977c0cd-e306-4eef-89e1-0d4f4dbdb89b,stronglift 5x5 A,6401caa3-c8bd-4711-bc40-4c0e202f224d,TUT Beast,True,5,5,5,3,17.0,2,34.0,170.0,17.0,9.53,54.16,0.003,-71.94,BALANCED,FLAT,39.67
dacaea7c-ed9a-4ae1-bf02-12b006d25b33,1778651576431,2026-05-13T13:52:56+08:00,2026-05-13,13:52,2026-05-13 13:52,NmuYV1NROjrd0NaU,Neutral Grip Bench Press,b977c0cd-e306-4eef-89e1-0d4f4dbdb89b,stronglift 5x5 A,6401caa3-c8bd-4711-bc40-4c0e202f224d,TUT Beast,True,5,5,5,3,17.0,2,34.0,170.0,17.0,9.62,54.95,0.002,-133.4,BALANCED,FLAT,39.67
31535cb5-263a-4330-94e1-f9b87dfc1e20,1778651752926,2026-05-13T13:55:52+08:00,2026-05-13,13:55,2026-05-13 13:55,NmuYV1NROjrd0NaU,Neutral Grip Bench Press,b977c0cd-e306-4eef-89e1-0d4f4dbdb89b,stronglift 5x5 A,6401caa3-c8bd-4711-bc40-4c0e202f224d,TUT Beast,True,5,5,5,3,17.0,2,34.0,170.0,17.0,9.0,53.71,0.005,-223.14,BALANCED,FLAT,39.67
4270f796-ad36-41c0-a94e-500f9a4b2140,1778651819987,2026-05-13T13:56:59+08:00,2026-05-13,13:56,2026-05-13 13:56,NmuYV1NROjrd0NaU,Neutral Grip Bench Press,b977c0cd-e306-4eef-89e1-0d4f4dbdb89b,stronglift 5x5 A,6401caa3-c8bd-4711-bc40-4c0e202f224d,TUT Beast,True,5,5,5,3,17.0,2,34.0,170.0,17.0,8.66,53.77,0.0,-226.51,BALANCED,FLAT,39.67
f4046824-18da-4a29-b6ac-fcd38e7f121a,1778651996418,2026-05-13T13:59:56+08:00,2026-05-13,13:59,2026-05-13 13:59,NmuYV1NROjrd0NaU,Neutral Grip Bench Press,b977c0cd-e306-4eef-89e1-0d4f4dbdb89b,stronglift 5x5 A,6401caa3-c8bd-4711-bc40-4c0e202f224d,TUT Beast,True,5,5,5,3,17.0,2,34.0,170.0,17.0,8.81,54.58,0.002,-65.77,BALANCED,FLAT,39.67
c3860f45-8f5f-4ce9-bfa9-f3701339c0ec,1778652168453,2026-05-13T14:02:48+08:00,2026-05-13,14:02,2026-05-13 14:02,31ea9d9e-669c-4752-9f44-80c3fa864021,Bent Over Row,b977c0cd-e306-4eef-89e1-0d4f4dbdb89b,stronglift 5x5 A,6401caa3-c8bd-4711-bc40-4c0e202f224d,Old School,True,5,5,5,3,17.0,2,34.0,170.0,17.0,9.03,66.59,0.003,-206.45,BALANCED,FLAT,39.67
ab89efc6-f46f-4d1a-8f76-0234bd289bbd,1778652294109,2026-05-13T14:04:54+08:00,2026-05-13,14:04,2026-05-13 14:04,31ea9d9e-669c-4752-9f44-80c3fa864021,Bent Over Row,b977c0cd-e306-4eef-89e1-0d4f4dbdb89b,stronglift 5x5 A,6401caa3-c8bd-4711-bc40-4c0e202f224d,Old School,True,5,5,5,3,17.0,2,34.0,170.0,17.0,7.97,82.45,0.002,-106.67,BALANCED,FLAT,39.67
44276cdb-1d54-4f8c-b1c4-3a205d7608fd,1778652419840,2026-05-13T14:06:59+08:00,2026-05-13,14:06,2026-05-13 14:06,31ea9d9e-669c-4752-9f44-80c3fa864021,Bent Over Row,b977c0cd-e306-4eef-89e1-0d4f4dbdb89b,stronglift 5x5 A,6401caa3-c8bd-4711-bc40-4c0e202f224d,Old School,True,5,5,5,3,17.0,2,34.0,170.0,17.0,10.17,71.85,0.008,-102.01,BALANCED,FLAT,39.67
afc1f9d0-9a14-4dd7-b3a2-462bad7fc292,1778652520160,2026-05-13T14:08:40+08:00,2026-05-13,14:08,2026-05-13 14:08,31ea9d9e-669c-4752-9f44-80c3fa864021,Bent Over Row,b977c0cd-e306-4eef-89e1-0d4f4dbdb89b,stronglift 5x5 A,6401caa3-c8bd-4711-bc40-4c0e202f224d,Old School,True,5,5,5,3,17.0,2,34.0,170.0,17.0,8.72,70.15,0.001,-70.28,BALANCED,FLAT,39.67
f74badca-394f-4f95-bede-77b8e48439b7,1778652582860,2026-05-13T14:09:42+08:00,2026-05-13,14:09,2026-05-13 14:09,31ea9d9e-669c-4752-9f44-80c3fa864021,Bent Over Row,b977c0cd-e306-4eef-89e1-0d4f4dbdb89b,stronglift 5x5 A,6401caa3-c8bd-4711-bc40-4c0e202f224d,Old School,True,5,5,5,3,17.0,2,34.0,170.0,17.0,10.54,60.39,0.002,-196.45,BALANCED,FLAT,39.67
504146e6-a6c6-456c-8474-efebdb1b3b56,1778652803213,2026-05-13T14:13:23+08:00,2026-05-13,14:13,2026-05-13 14:13,MUqWc_cySh8Szk49,High Bar Squat,,,,Echo,True,5,5,5,3,20.0,2,40.0,795.5,79.55,17.9,21.76,0.755,-197.77,BALANCED,ASCENDING,46.67
66883a36-03c0-4567-973e-7f38a626f1c7,1778652960053,2026-05-13T14:16:00+08:00,2026-05-13,14:16,2026-05-13 14:16,MUqWc_cySh8Szk49,High Bar Squat,,,,Echo,True,5,5,5,3,20.0,2,40.0,831.0,83.1,18.66,25.35,0.947,-25.2,BALANCED,ASCENDING,46.67
675a2916-d56f-4d2d-874b-0e9a69369ae6,1778919483362,2026-05-16T16:18:03+08:00,2026-05-16,16:18,2026-05-16 16:18,MUqWc_cySh8Szk49,High Bar Squat,bae9cb22-162b-4d9c-b49c-732e77b629bd,stronglift 5x5 B,33a8d40e-2c44-4ec9-95c4-61145095e96d,Old School,True,5,5,5,3,34.0,2,68.0,340.0,34.0,16.54,34.06,0.002,-1557.28,BALANCED,FLAT,79.33
43d188f7-3667-4d0c-b7f6-8b5db025fddb,1778919763594,2026-05-16T16:22:43+08:00,2026-05-16,16:22,2026-05-16 16:22,MUqWc_cySh8Szk49,High Bar Squat,bae9cb22-162b-4d9c-b49c-732e77b629bd,stronglift 5x5 B,33a8d40e-2c44-4ec9-95c4-61145095e96d,Old School,True,5,5,5,3,34.0,2,68.0,340.0,34.0,13.28,39.39,0.005,-144.86,BALANCED,FLAT,79.33
17adb303-4578-41af-a95f-c8839099494a,1778919943277,2026-05-16T16:25:43+08:00,2026-05-16,16:25,2026-05-16 16:25,MUqWc_cySh8Szk49,High Bar Squat,bae9cb22-162b-4d9c-b49c-732e77b629bd,stronglift 5x5 B,33a8d40e-2c44-4ec9-95c4-61145095e96d,Old School,True,5,5,5,3,34.0,2,68.0,340.0,34.0,13.2,39.71,0.002,-33.58,BALANCED,FLAT,79.33
60aa0953-d278-4f6d-8bba-02a04cac175e,1778920115447,2026-05-16T16:28:35+08:00,2026-05-16,16:28,2026-05-16 16:28,MUqWc_cySh8Szk49,High Bar Squat,bae9cb22-162b-4d9c-b49c-732e77b629bd,stronglift 5x5 B,33a8d40e-2c44-4ec9-95c4-61145095e96d,Old School,True,5,5,5,3,34.0,2,68.0,340.0,34.0,13.8,32.86,0.004,-120.81,BALANCED,FLAT,79.33
959e03ba-647f-46dd-8da2-2701074f3736,1778920296345,2026-05-16T16:31:36+08:00,2026-05-16,16:31,2026-05-16 16:31,MUqWc_cySh8Szk49,High Bar Squat,bae9cb22-162b-4d9c-b49c-732e77b629bd,stronglift 5x5 B,33a8d40e-2c44-4ec9-95c4-61145095e96d,Echo,True,5,5,5,3,5.0,2,10.0,1000.0,100.0,21.33,26.15,0.472,-93.65,BALANCED,ASCENDING,11.67
af5bfd5f-55c6-4fb3-8276-4bf6c9523e71,1778920377932,2026-05-16T16:32:57+08:00,2026-05-16,16:32,2026-05-16 16:32,e467f6b8-1e92-4571-b3e6-c020ca7099c3,Overhead Press,bae9cb22-162b-4d9c-b49c-732e77b629bd,stronglift 5x5 B,33a8d40e-2c44-4ec9-95c4-61145095e96d,Old School,True,5,5,5,3,11.5,2,23.0,115.0,11.5,11.69,51.85,0.001,-412.93,BALANCED,FLAT,26.83
eef7f0c7-a148-4618-afed-99ad4f3e3c6d,1778920574928,2026-05-16T16:36:14+08:00,2026-05-16,16:36,2026-05-16 16:36,e467f6b8-1e92-4571-b3e6-c020ca7099c3,Overhead Press,bae9cb22-162b-4d9c-b49c-732e77b629bd,stronglift 5x5 B,33a8d40e-2c44-4ec9-95c4-61145095e96d,Old School,True,5,5,5,3,12.5,2,25.0,125.0,12.5,8.65,69.8,0.005,-42.03,BALANCED,FLAT,29.17
ed9bfb67-06ae-483a-bc2f-c182b16283a3,1778920746826,2026-05-16T16:39:06+08:00,2026-05-16,16:39,2026-05-16 16:39,e467f6b8-1e92-4571-b3e6-c020ca7099c3,Overhead Press,bae9cb22-162b-4d9c-b49c-732e77b629bd,stronglift 5x5 B,33a8d40e-2c44-4ec9-95c4-61145095e96d,Old School,True,5,5,5,3,11.5,2,23.0,115.0,11.5,9.29,65.6,0.006,-37.38,BALANCED,FLAT,26.83
4535d22c-a285-4495-b911-e1a4b1a520a3,1778920919762,2026-05-16T16:41:59+08:00,2026-05-16,16:41,2026-05-16 16:41,e467f6b8-1e92-4571-b3e6-c020ca7099c3,Overhead Press,bae9cb22-162b-4d9c-b49c-732e77b629bd,stronglift 5x5 B,33a8d40e-2c44-4ec9-95c4-61145095e96d,Old School,True,5,5,5,3,14.0,2,28.0,140.0,14.0,10.67,60.45,0.001,-30.37,BALANCED,FLAT,32.67
519aa9a2-8902-42a8-8fca-56e39d4a219a,1778921094705,2026-05-16T16:44:54+08:00,2026-05-16,16:44,2026-05-16 16:44,e467f6b8-1e92-4571-b3e6-c020ca7099c3,Overhead Press,bae9cb22-162b-4d9c-b49c-732e77b629bd,stronglift 5x5 B,33a8d40e-2c44-4ec9-95c4-61145095e96d,Echo,True,6,6,6,3,5.0,2,10.0,391.8,32.65,26.15,27.37,1.953,23.37,BALANCED,DESCENDING,12.0
c807b67b-753b-46bc-bb27-3f40d16bf12f,1778921180912,2026-05-16T16:46:20+08:00,2026-05-16,16:46,2026-05-16 16:46,e64c7837-52e2-4b97-b771-cf08ab861af1,Conventional Deadlift,bae9cb22-162b-4d9c-b49c-732e77b629bd,stronglift 5x5 B,33a8d40e-2c44-4ec9-95c4-61145095e96d,Old School,True,5,5,5,3,40.0,2,80.0,400.0,40.0,14.34,38.95,0.001,-939.96,BALANCED,FLAT,93.33
6c45a411-6d77-48c9-a842-99353ed9a18d,1778921341953,2026-05-16T16:49:01+08:00,2026-05-16,16:49,2026-05-16 16:49,e64c7837-52e2-4b97-b771-cf08ab861af1,Conventional Deadlift,bae9cb22-162b-4d9c-b49c-732e77b629bd,stronglift 5x5 B,33a8d40e-2c44-4ec9-95c4-61145095e96d,Echo,True,6,6,6,3,5.0,2,10.0,1049.4,87.45,27.11,18.69,1.339,4.76,BALANCED,ASCENDING,12.0
43248ff0-dbaf-40cd-8559-c48e56cb29ca,1779163002140,2026-05-19T11:56:42+08:00,2026-05-19,11:56,2026-05-19 11:56,MUqWc_cySh8Szk49,High Bar Squat,79ff922d-ef3a-41e8-abca-991c0f3e31f0,stronglift 5x5 A,6401caa3-c8bd-4711-bc40-4c0e202f224d,Old School,True,5,5,5,3,35.5,2,71.0,355.0,35.5,16.2,25.81,0.001,-1678.78,BALANCED,FLAT,82.83
e45711dd-3d97-4058-94db-b2098af47933,1779163275415,2026-05-19T12:01:15+08:00,2026-05-19,12:01,2026-05-19 12:01,MUqWc_cySh8Szk49,High Bar Squat,79ff922d-ef3a-41e8-abca-991c0f3e31f0,stronglift 5x5 A,6401caa3-c8bd-4711-bc40-4c0e202f224d,Old School,True,5,5,5,3,35.5,2,71.0,355.0,35.5,13.9,33.93,0.001,-93.59,BALANCED,FLAT,82.83
a8e468e6-d5f3-4bca-a2aa-8e356094614a,1779163450069,2026-05-19T12:04:10+08:00,2026-05-19,12:04,2026-05-19 12:04,MUqWc_cySh8Szk49,High Bar Squat,79ff922d-ef3a-41e8-abca-991c0f3e31f0,stronglift 5x5 A,6401caa3-c8bd-4711-bc40-4c0e202f224d,Old School,True,5,5,5,3,35.5,2,71.0,355.0,35.5,13.73,37.66,0.006,-96.89,BALANCED,FLAT,82.83
e82b2f80-8699-4d07-822c-e9a9cd1675a0,1779163624402,2026-05-19T12:07:04+08:00,2026-05-19,12:07,2026-05-19 12:07,MUqWc_cySh8Szk49,High Bar Squat,79ff922d-ef3a-41e8-abca-991c0f3e31f0,stronglift 5x5 A,6401caa3-c8bd-4711-bc40-4c0e202f224d,Old School,True,5,5,5,3,35.5,2,71.0,355.0,35.5,13.37,39.83,0.001,-58.06,BALANCED,FLAT,82.83
615b8590-0ee9-495f-bd95-2d3f567ee495,1779163795835,2026-05-19T12:09:55+08:00,2026-05-19,12:09,2026-05-19 12:09,MUqWc_cySh8Szk49,High Bar Squat,79ff922d-ef3a-41e8-abca-991c0f3e31f0,stronglift 5x5 A,6401caa3-c8bd-4711-bc40-4c0e202f224d,Echo,True,5,5,5,3,5.0,2,10.0,1000.0,100.0,24.52,21.88,0.982,-17.68,BALANCED,ASCENDING,11.67
2f7e26c3-b809-4f8d-8bcd-8ac9fa5686e8,1779163878188,2026-05-19T12:11:18+08:00,2026-05-19,12:11,2026-05-19 12:11,NmuYV1NROjrd0NaU,Neutral Grip Bench Press,79ff922d-ef3a-41e8-abca-991c0f3e31f0,stronglift 5x5 A,6401caa3-c8bd-4711-bc40-4c0e202f224d,TUT Beast,True,5,5,5,3,18.0,2,36.0,180.0,18.0,9.57,44.02,0.004,-527.69,BALANCED,FLAT,42.0
40764fe0-557a-4d52-a768-340ee138a097,1779164073818,2026-05-19T12:14:33+08:00,2026-05-19,12:14,2026-05-19 12:14,NmuYV1NROjrd0NaU,Neutral Grip Bench Press,79ff922d-ef3a-41e8-abca-991c0f3e31f0,stronglift 5x5 A,6401caa3-c8bd-4711-bc40-4c0e202f224d,TUT Beast,True,5,5,5,3,18.0,2,36.0,180.0,18.0,8.55,55.92,0.011,-107.13,BALANCED,FLAT,42.0
e74a216a-3ba8-4de0-8363-8865e52883f7,1779164247688,2026-05-19T12:17:27+08:00,2026-05-19,12:17,2026-05-19 12:17,NmuYV1NROjrd0NaU,Neutral Grip Bench Press,79ff922d-ef3a-41e8-abca-991c0f3e31f0,stronglift 5x5 A,6401caa3-c8bd-4711-bc40-4c0e202f224d,TUT Beast,True,5,5,5,3,18.0,2,36.0,180.0,18.0,9.66,48.42,0.001,-46.68,BALANCED,FLAT,42.0
b8c4f09b-1c76-433e-af8c-65999cdebc01,1779164422305,2026-05-19T12:20:22+08:00,2026-05-19,12:20,2026-05-19 12:20,NmuYV1NROjrd0NaU,Neutral Grip Bench Press,79ff922d-ef3a-41e8-abca-991c0f3e31f0,stronglift 5x5 A,6401caa3-c8bd-4711-bc40-4c0e202f224d,TUT Beast,True,5,5,5,3,18.0,2,36.0,180.0,18.0,9.37,51.58,0.01,-55.35,BALANCED,FLAT,42.0
cdcae0da-519e-4b75-9659-029425ead517,1779164595172,2026-05-19T12:23:15+08:00,2026-05-19,12:23,2026-05-19 12:23,NmuYV1NROjrd0NaU,Neutral Grip Bench Press,79ff922d-ef3a-41e8-abca-991c0f3e31f0,stronglift 5x5 A,6401caa3-c8bd-4711-bc40-4c0e202f224d,Echo,True,5,5,5,3,5.0,2,10.0,321.0,32.1,14.76,30.43,2.065,-0.33,BALANCED,FLAT,11.67
a047eead-0cdc-4f3e-b5e5-c2fc787ad369,1779164669315,2026-05-19T12:24:29+08:00,2026-05-19,12:24,2026-05-19 12:24,31ea9d9e-669c-4752-9f44-80c3fa864021,Bent Over Row,79ff922d-ef3a-41e8-abca-991c0f3e31f0,stronglift 5x5 A,6401caa3-c8bd-4711-bc40-4c0e202f224d,Old School,True,5,5,5,3,17.0,2,34.0,170.0,17.0,9.18,70.96,0.003,-525.45,BALANCED,FLAT,39.67
069007da-51dc-4a4b-a7b3-bf5c17b70a08,1779164830544,2026-05-19T12:27:10+08:00,2026-05-19,12:27,2026-05-19 12:27,31ea9d9e-669c-4752-9f44-80c3fa864021,Bent Over Row,79ff922d-ef3a-41e8-abca-991c0f3e31f0,stronglift 5x5 A,6401caa3-c8bd-4711-bc40-4c0e202f224d,Old School,True,5,5,5,3,17.0,2,34.0,170.0,17.0,9.06,66.23,0.001,-428.32,BALANCED,FLAT,39.67
c76d3da0-b5c9-40b1-a62e-2dee53096b15,1779164988562,2026-05-19T12:29:48+08:00,2026-05-19,12:29,2026-05-19 12:29,31ea9d9e-669c-4752-9f44-80c3fa864021,Bent Over Row,79ff922d-ef3a-41e8-abca-991c0f3e31f0,stronglift 5x5 A,6401caa3-c8bd-4711-bc40-4c0e202f224d,Old School,True,5,5,5,3,17.0,2,34.0,170.0,17.0,8.32,62.49,0.002,-201.76,BALANCED,FLAT,39.67
6e452587-9354-43f6-a3fd-46c2c249cc92,1779165146887,2026-05-19T12:32:26+08:00,2026-05-19,12:32,2026-05-19 12:32,31ea9d9e-669c-4752-9f44-80c3fa864021,Bent Over Row,79ff922d-ef3a-41e8-abca-991c0f3e31f0,stronglift 5x5 A,6401caa3-c8bd-4711-bc40-4c0e202f224d,Old School,True,5,5,5,3,17.0,2,34.0,170.0,17.0,7.79,66.16,0.004,-133.19,BALANCED,FLAT,39.67
10dd555e-6997-4be4-876d-09496fe41e3e,1779165287183,2026-05-19T12:34:47+08:00,2026-05-19,12:34,2026-05-19 12:34,31ea9d9e-669c-4752-9f44-80c3fa864021,Bent Over Row,79ff922d-ef3a-41e8-abca-991c0f3e31f0,stronglift 5x5 A,6401caa3-c8bd-4711-bc40-4c0e202f224d,Old School,True,5,5,5,3,17.0,2,34.0,170.0,17.0,8.21,67.4,0.001,-111.98,BALANCED,FLAT,39.67
1f961212-027f-4f5a-8e56-914f8c6063a5,1779165416577,2026-05-19T12:36:56+08:00,2026-05-19,12:36,2026-05-19 12:36,31ea9d9e-669c-4752-9f44-80c3fa864021,Bent Over Row,79ff922d-ef3a-41e8-abca-991c0f3e31f0,stronglift 5x5 A,6401caa3-c8bd-4711-bc40-4c0e202f224d,Echo,True,5,5,5,3,5.0,2,10.0,464.0,46.4,15.46,26.43,3.53,-0.18,B,DESCENDING,11.67
5efa1364-1f67-4649-8acd-64383728bfc1,1779314303530,2026-05-21T05:58:23+08:00,2026-05-21,05:58,2026-05-21 05:58,MUqWc_cySh8Szk49,High Bar Squat,f9cf03d9-274b-4d3e-aed0-cd3843aab74e,stronglift 5x5 B,33a8d40e-2c44-4ec9-95c4-61145095e96d,Old School,True,5,5,5,3,36.0,2,72.0,360.0,36.0,14.34,27.67,0.0,-1803.51,BALANCED,FLAT,84.0
e1b6a3a8-e03a-4794-907f-3f4c464ed938,1779314643458,2026-05-21T06:04:03+08:00,2026-05-21,06:04,2026-05-21 06:04,MUqWc_cySh8Szk49,High Bar Squat,f9cf03d9-274b-4d3e-aed0-cd3843aab74e,stronglift 5x5 B,33a8d40e-2c44-4ec9-95c4-61145095e96d,Old School,True,5,5,5,3,36.0,2,72.0,360.0,36.0,13.56,34.92,0.001,-37.85,BALANCED,FLAT,84.0
75797c84-bf5e-467a-8b27-0c5c08650afd,1779314782657,2026-05-21T06:06:22+08:00,2026-05-21,06:06,2026-05-21 06:06,MUqWc_cySh8Szk49,High Bar Squat,f9cf03d9-274b-4d3e-aed0-cd3843aab74e,stronglift 5x5 B,33a8d40e-2c44-4ec9-95c4-61145095e96d,Old School,True,5,5,5,3,36.0,2,72.0,360.0,36.0,15.8,28.8,0.005,-64.53,BALANCED,FLAT,84.0
ade9d79a-d9b7-4f59-acff-f8d4d3c2d274,1779314959868,2026-05-21T06:09:19+08:00,2026-05-21,06:09,2026-05-21 06:09,MUqWc_cySh8Szk49,High Bar Squat,f9cf03d9-274b-4d3e-aed0-cd3843aab74e,stronglift 5x5 B,33a8d40e-2c44-4ec9-95c4-61145095e96d,Old School,True,5,5,5,3,36.0,2,72.0,360.0,36.0,12.65,36.91,0.001,-56.07,BALANCED,FLAT,84.0
c3f15abe-1ae4-45c0-bd81-f8c1c6e479d1,1779315129939,2026-05-21T06:12:09+08:00,2026-05-21,06:12,2026-05-21 06:12,MUqWc_cySh8Szk49,High Bar Squat,f9cf03d9-274b-4d3e-aed0-cd3843aab74e,stronglift 5x5 B,33a8d40e-2c44-4ec9-95c4-61145095e96d,Echo,True,5,5,5,3,5.0,2,10.0,1000.0,100.0,23.64,20.72,0.894,-59.15,BALANCED,ASCENDING,11.67
3ffafe2a-629d-46b2-b649-dd327e1779d5,1779315214223,2026-05-21T06:13:34+08:00,2026-05-21,06:13,2026-05-21 06:13,e467f6b8-1e92-4571-b3e6-c020ca7099c3,Overhead Press,f9cf03d9-274b-4d3e-aed0-cd3843aab74e,stronglift 5x5 B,33a8d40e-2c44-4ec9-95c4-61145095e96d,Old School,True,5,5,5,3,14.0,2,28.0,140.0,14.0,12.59,54.97,0.0,-166.95,BALANCED,FLAT,32.67
6b6cd56d-caaf-432e-ad86-bc8ac7271d7c,1779315342292,2026-05-21T06:15:42+08:00,2026-05-21,06:15,2026-05-21 06:15,e467f6b8-1e92-4571-b3e6-c020ca7099c3,Overhead Press,f9cf03d9-274b-4d3e-aed0-cd3843aab74e,stronglift 5x5 B,33a8d40e-2c44-4ec9-95c4-61145095e96d,Old School,True,5,5,5,3,14.0,2,28.0,140.0,14.0,10.4,61.54,0.001,-54.92,BALANCED,FLAT,32.67
60201365-07bb-43f7-a178-f45040aafdc6,1779315518977,2026-05-21T06:18:38+08:00,2026-05-21,06:18,2026-05-21 06:18,e467f6b8-1e92-4571-b3e6-c020ca7099c3,Overhead Press,f9cf03d9-274b-4d3e-aed0-cd3843aab74e,stronglift 5x5 B,33a8d40e-2c44-4ec9-95c4-61145095e96d,Old School,True,5,5,5,3,14.0,2,28.0,140.0,14.0,10.4,59.73,0.001,-28.65,BALANCED,FLAT,32.67
fbea8ec0-aca4-4805-b765-af37464c5bc9,1779315613422,2026-05-21T06:20:13+08:00,2026-05-21,06:20,2026-05-21 06:20,e467f6b8-1e92-4571-b3e6-c020ca7099c3,Overhead Press,f9cf03d9-274b-4d3e-aed0-cd3843aab74e,stronglift 5x5 B,33a8d40e-2c44-4ec9-95c4-61145095e96d,Old School,True,5,5,5,3,14.0,2,28.0,140.0,14.0,11.65,57.48,0.003,-69.03,BALANCED,FLAT,32.67
0a3ef976-1d01-4e8e-80a8-0f9012e46364,1779315788004,2026-05-21T06:23:08+08:00,2026-05-21,06:23,2026-05-21 06:23,e467f6b8-1e92-4571-b3e6-c020ca7099c3,Overhead Press,f9cf03d9-274b-4d3e-aed0-cd3843aab74e,stronglift 5x5 B,33a8d40e-2c44-4ec9-95c4-61145095e96d,Echo,True,5,5,5,3,5.0,2,10.0,349.0,34.9,19.57,28.21,1.179,31.53,BALANCED,DESCENDING,11.67
9b2d7700-dba3-45c1-a455-d76c17910691,1779315867055,2026-05-21T06:24:27+08:00,2026-05-21,06:24,2026-05-21 06:24,e64c7837-52e2-4b97-b771-cf08ab861af1,Conventional Deadlift,f9cf03d9-274b-4d3e-aed0-cd3843aab74e,stronglift 5x5 B,33a8d40e-2c44-4ec9-95c4-61145095e96d,Old School,True,5,5,5,3,42.5,2,85.0,425.0,42.5,13.49,36.55,0.001,-1032.63,BALANCED,FLAT,99.17
787f011d-94cf-49c8-ac2a-60427424d1e5,1779316010047,2026-05-21T06:26:50+08:00,2026-05-21,06:26,2026-05-21 06:26,e64c7837-52e2-4b97-b771-cf08ab861af1,Conventional Deadlift,f9cf03d9-274b-4d3e-aed0-cd3843aab74e,stronglift 5x5 B,33a8d40e-2c44-4ec9-95c4-61145095e96d,Echo,True,5,5,5,3,5.0,2,10.0,906.0,90.6,21.44,21.47,3.474,43.42,B,ASCENDING,11.67
